tags;dia
#LulaDay;2017-10-27
#StrangerThings;2017-10-27
#RecomendeUmLivro;2017-10-27
#sextou;2017-10-27
#TwitterPiorRedeSossial;2017-10-27
Seu Madruga;2017-10-27
Parlamento da Catalunha;2017-10-27
Defesa de Cabral;2017-10-27
Ricardo Teixeira;2017-10-27
Ready For It;2017-10-27
Pre-Sal;2017-10-27
TRF-1;2017-10-27
Bruno Covas;2017-10-27
Tadeu Schmidt;2017-10-27
Baldasso;2017-10-27
Kelly Clarkson;2017-10-27
Forcas de Seguranca;2017-10-27
Fabiano Soares;2017-10-27
Copa Rio;2017-10-27
Curral;2017-10-27
Ez 37;2017-10-27
Fever Ray;2017-10-27
E o Palmeiras;2017-10-27
Servidor Publico;2017-10-27
Halep;2017-10-27
Juiz de Manaus;2017-10-27
Demian;2017-10-27
Spanglish Version;2017-10-27
Scarpelli;2017-10-27
Louro Jose;2017-10-27
Bagulhos Sinistros;2017-10-27
Fontana di Trevi;2017-10-27
#ConradoNoHojeEmDia;2017-10-27
#EmDezembroDe81;2017-10-27
#UmMesDoPenta;2017-10-27
#MotorSport;2017-10-27
#3YearsOf1989;2017-10-27
#bomdiafoxsexta;2017-10-27
#HojeTemTeleton;2017-10-27
#NaoDa;2017-10-27
#BoomBoomOUTNOW;2017-10-27
#continuecrescendo;2017-10-27
#gecruzeiro;2017-10-27
#podcastfriday;2017-10-27
#TremDaLeitura;2017-10-27
#MemoriaESPN;2017-10-27
#edicao10;2017-10-27
#THE_CODE;2017-10-27
#trsccp;2017-10-27
#JudoAbuDhabi2017;2017-10-27
